转债代码,市场,转债名称,最新价,涨跌额,涨跌幅,买入价,卖出价,昨收价,开盘价,最高价,最低价,成交量(股),成交额(元),成交时间
123267,深市,珂玛转债,247.0,20.488,9.045,247.000,247.055,226.512,235.000,263.909,234.182,11227519,2806134432,15:00:00
118033,沪市,华特转债,217.386,-9.911,-4.36,217.914,218.015,227.297,223.000,227.220,213.000,12326180,2709333839,15:00:00
118060,沪市,瑞可转债,244.016,24.352,11.086,243.010,243.380,219.664,225.000,249.280,216.619,10668190,2570018594,15:00:00
123121,深市,帝尔转债,193.247,-4.653,-2.351,193.220,193.247,197.900,196.812,211.980,191.193,11352738,2287954511,15:00:00
123268,深市,本川转债,189.449,14.251,8.134,189.449,189.499,175.198,175.000,199.981,173.261,11838963,2282843867,15:00:00
123251,深市,华医转债,346.0,28.001,8.805,346.000,346.006,317.999,317.999,359.332,317.327,5765963,2006542099,15:00:00
127080,深市,声迅转债,220.2,14.33,6.961,220.200,220.280,205.870,206.000,224.421,204.120,8155670,1779288471,15:00:00
127055,深市,精装转债,209.598,12.025,6.086,209.598,209.659,197.573,199.154,222.580,199.000,8181656,1735530079,15:00:00
123054,深市,思特转债,156.81,8.81,5.953,156.801,156.810,148.000,156.770,174.567,156.230,9462948,1569826313,15:00:00
123241,深市,欧通转债,1066.58,36.58,3.551,1066.580,1066.660,1030.000,1009.401,1090.477,1009.401,1476340,1568630383,15:00:00
118062,沪市,天准转债,248.909,7.476,3.097,248.764,248.800,241.433,245.020,260.309,245.020,5818000,1479130783,15:00:00
113589,沪市,天创转债,201.119,4.157,2.111,200.190,200.300,196.962,192.000,215.000,191.000,6108580,1262422981,15:00:00
118053,沪市,正帆转债,164.525,3.147,1.95,164.458,164.667,161.378,167.123,172.013,162.195,7432060,1237785196,15:00:00
127096,深市,泰坦转债,335.0,-0.6,-0.179,335.000,335.001,335.600,332.000,358.300,331.124,3162505,1080879473,15:00:00
123126,深市,瑞丰转债,165.38,7.912,5.025,165.349,165.380,157.468,155.466,169.500,154.000,6314347,1047353274,15:00:00
123243,深市,严牌转债,259.998,-17.56,-6.327,259.960,259.998,277.558,266.998,270.000,255.284,3963098,1033341871,15:00:00
113051,沪市,节能转债,164.645,7.313,4.648,164.500,164.554,157.332,155.758,166.300,154.467,6088140,989720597,15:00:00
123131,深市,奥飞转债,307.1,-2.9,-0.935,307.070,307.100,310.000,315.000,320.150,305.018,3013400,946478059,15:00:00
123255,深市,鼎龙转债,327.2,13.735,4.382,327.200,327.300,313.465,326.000,331.800,312.459,2834685,922289144,15:00:00
123225,深市,翔丰转债,157.7,9.812,6.635,157.685,157.700,147.888,157.500,163.803,156.000,5782024,922078941,15:00:00
123176,深市,精测转2,333.698,4.592,1.395,333.698,333.900,329.106,337.900,344.441,328.115,2705150,907981014,15:00:00
113042,沪市,上银转债,117.838,-0.952,-0.801,117.960,117.961,118.790,118.500,118.787,116.852,7200040,847088234,15:00:00
118018,沪市,瑞科转债,156.865,3.264,2.125,156.800,156.884,153.601,154.000,161.672,151.860,5324240,841374074,15:00:00
127070,深市,大中转债,502.6,5.6,1.127,502.588,502.600,497.000,493.040,512.743,487.001,1668630,838659396,15:00:00
123258,深市,胜蓝转02,246.767,5.356,2.219,246.702,246.767,241.411,242.618,251.643,233.618,3398903,834290557,15:00:00
113688,沪市,国检转债,148.144,9.399,6.774,148.156,148.200,138.745,142.901,152.830,139.750,5609850,824974600,15:00:00
118058,沪市,微导转债,339.767,-5.891,-1.704,339.700,339.800,345.658,346.600,357.485,338.590,2289830,799149763,15:00:00
127110,深市,广核转债,147.965,3.464,2.397,147.904,147.965,144.501,144.500,149.444,143.801,5274192,770489802,15:00:00
127024,深市,盈峰转债,170.297,-3.703,-2.128,170.297,170.300,174.000,173.200,178.483,167.800,4295176,733023806,15:00:00
113677,沪市,华懋转债,399.96,5.97,1.515,399.500,399.750,393.990,390.000,410.000,389.485,1793920,717849811,15:00:01
113702,沪市,斯达转债,188.882,0.732,0.389,188.908,188.952,188.150,185.600,190.773,185.002,3733360,703342601,15:00:01
123236,深市,家联转债,161.99,5.369,3.428,161.990,161.998,156.621,157.000,169.770,156.800,3953864,653055130,15:00:00
127066,深市,科利转债,139.888,6.768,5.084,139.888,139.900,133.120,133.120,140.639,133.000,4711239,651385495,15:00:00
127044,深市,蒙娜转债,132.07,-5.928,-4.296,132.051,132.070,137.998,132.700,134.765,128.046,4861312,637907438,15:00:00
118057,沪市,甬矽转债,170.992,-8.841,-4.916,170.950,171.059,179.833,178.754,181.998,170.110,3552780,628457171,15:00:01
113678,沪市,中贝转债,194.496,4.105,2.156,194.822,194.900,190.391,193.500,196.280,189.800,3176390,616128084,15:00:00
113048,沪市,晶科转债,165.919,-7.773,-4.475,165.910,165.918,173.692,173.000,177.500,164.450,3615090,615944116,15:00:00
110084,沪市,贵燃转债,142.185,6.43,4.736,142.056,142.204,135.755,135.509,143.222,135.509,4309500,607944857,15:00:01
113697,沪市,应流转债,300.396,4.618,1.561,301.000,301.199,295.778,292.000,311.368,288.000,1981140,597983156,15:00:00
111010,沪市,立昂转债,148.656,-4.509,-2.944,148.597,148.630,153.165,152.874,154.697,147.601,3955520,597289633,15:00:01
113052,沪市,兴业转债,116.503,-0.608,-0.519,116.500,116.545,117.111,117.103,117.185,115.848,5090620,592771261,15:00:01
111000,沪市,起帆转债,240.971,-1.133,-0.468,240.668,240.900,242.104,241.000,249.000,238.600,2389840,581044812,15:00:01
113615,沪市,金诚转债,629.989,-0.781,-0.124,630.689,630.770,630.770,616.996,637.044,603.328,879660,547402518,14:59:59
123259,深市,锦浪转02,182.0,4.874,2.752,181.991,182.000,177.126,176.789,187.209,175.200,2634791,480545312,15:00:00
118013,沪市,道通转债,238.302,8.434,3.669,238.569,238.761,229.868,229.842,245.349,229.148,1925300,464504528,15:00:00
128137,深市,洁美转债,201.9,1.8,0.9,201.860,201.900,200.100,200.600,209.778,193.935,2252428,457729468,15:00:00
127037,深市,银轮转债,614.432,11.533,1.913,614.430,614.432,602.899,599.043,623.800,596.100,721190,442383702,15:00:00
111001,沪市,山玻转债,159.877,-1.465,-0.908,159.824,159.865,161.342,159.004,162.900,157.444,2725230,437173692,15:00:01
123235,深市,亿田转债,200.399,-3.586,-1.758,200.396,200.399,203.985,203.597,214.510,197.526,2122590,433632262,15:00:00
123118,深市,惠城转债,494.1,6.6,1.354,494.001,494.100,487.500,488.300,511.339,483.202,823820,410679141,15:00:00
111005,沪市,富春转债,146.971,-9.252,-5.922,146.990,146.999,156.223,154.300,154.623,145.800,2759360,410125896,15:00:00
123107,深市,温氏转债,117.2,-0.6,-0.509,117.200,117.232,117.800,117.700,118.213,116.401,3468928,406711674,15:00:00
123160,深市,泰福转债,169.7,3.49,2.1,169.681,169.700,166.210,166.150,174.974,164.205,2289429,392251628,15:00:00
118056,沪市,路维转债,269.681,-0.332,-0.123,269.396,269.580,270.013,273.000,279.559,263.512,1437750,389411011,15:00:01
118041,沪市,星球转债,158.212,-5.57,-3.401,158.158,158.174,163.782,160.500,164.414,155.500,2448000,389127424,15:00:00
123158,深市,宙邦转债,188.8,5.741,3.136,188.800,188.805,183.059,183.100,190.998,180.340,2072910,388234990,15:00:00
118050,沪市,航宇转债,340.395,-1.558,-0.456,340.438,340.500,341.953,339.000,354.500,338.007,1113370,385843799,15:00:01
123247,深市,万凯转债,294.089,5.089,1.761,294.089,294.200,289.000,290.000,304.200,285.932,1277634,378817765,15:00:00
118030,沪市,睿创转债,429.005,-2.703,-0.626,429.000,429.268,431.708,426.000,444.600,426.000,847320,369471920,15:00:01
113039,沪市,嘉泽转债,219.632,-9.844,-4.29,219.601,219.644,229.476,229.960,231.400,215.332,1626850,364225277,15:00:00
110092,沪市,三房转债,66.284,-3.769,-5.38,66.129,66.131,70.053,69.150,69.920,66.025,5273380,354945806,15:00:00
113667,沪市,春23转债,240.548,-6.84,-2.765,240.346,240.370,247.388,244.300,251.800,239.001,1372850,337386211,15:00:00
110074,沪市,精达转债,452.919,-5.824,-1.27,452.409,452.748,458.743,457.650,464.699,449.187,731330,334672037,15:00:00
123245,深市,集智转债,374.601,3.014,0.811,374.600,374.793,371.587,368.010,376.800,360.929,896100,332542810,15:00:00
118044,沪市,赛特转债,207.182,8.17,4.105,206.792,207.238,199.012,198.610,213.100,196.116,1594450,332205281,15:00:01
123269,深市,金杨转债,167.5,6.024,3.731,167.500,167.617,161.476,161.021,170.900,160.990,1938097,324581398,15:00:00
113046,沪市,金田转债,140.705,0.633,0.452,140.590,140.700,140.072,138.984,143.888,138.003,2148780,303991272,15:00:01
118034,沪市,晶能转债,127.14,-0.326,-0.256,127.110,127.167,127.466,127.250,128.538,126.501,2384020,303990061,15:00:00
110081,沪市,闻泰转债,88.237,-0.502,-0.566,88.255,88.256,88.739,88.799,89.332,87.900,3408620,301690944,15:00:00
118025,沪市,奕瑞转债,149.787,-0.201,-0.134,149.751,149.800,149.988,151.321,152.386,148.448,1924580,289005595,15:00:00
111012,沪市,福新转债,408.119,-4.082,-0.99,408.000,408.004,412.201,415.000,415.900,406.773,698510,287315385,15:00:00
128136,深市,立讯转债,142.778,-0.904,-0.629,142.778,142.915,143.682,143.999,144.342,141.141,1935160,276925596,15:00:00
118064,沪市,联瑞转债,262.025,3.428,1.326,262.000,262.262,258.597,258.000,264.880,252.770,1010630,263910630,15:00:01
127089,深市,晶澳转债,122.75,-1.95,-1.564,122.750,122.786,124.700,124.480,124.799,122.307,2131840,263619627,15:00:00
127053,深市,豪美转债,201.128,3.637,1.842,201.102,201.128,197.491,197.000,207.914,191.001,1312931,263455245,15:00:00
110095,沪市,双良转债,138.98,-3.251,-2.286,138.910,138.990,142.231,142.000,142.803,138.610,1848110,259671028,15:00:01
118027,沪市,宏图转债,76.211,-0.634,-0.825,76.150,76.186,76.845,76.876,79.617,75.050,3141370,243971883,15:00:01
127088,深市,赫达转债,192.461,-0.539,-0.279,192.460,192.481,193.000,193.080,198.255,190.600,1245960,243155313,15:00:00
113054,沪市,绿动转债,137.391,3.351,2.5,137.495,137.499,134.040,133.501,138.426,133.000,1769870,242761888,15:00:00
113043,沪市,财通转债,123.818,-3.625,-2.844,123.800,123.898,127.443,128.000,128.400,123.030,1891170,236161906,15:00:01
127018,深市,本钢转债,118.393,0.033,0.028,118.390,118.393,118.360,118.330,118.422,118.302,1989848,235481059,15:00:00
113605,沪市,大参转债,117.117,-3.907,-3.228,117.098,117.164,121.024,121.020,121.333,116.380,1986860,233692278,15:00:01
113644,沪市,艾迪转债,142.889,1.943,1.379,142.900,142.921,140.946,141.446,143.998,138.728,1605010,229331581,15:00:00
113056,沪市,重银转债,127.789,0.12,0.094,127.720,127.827,127.669,127.669,128.379,127.069,1792160,229020893,15:00:01
123155,深市,中陆转债,146.5,4.21,2.959,146.496,146.500,142.290,142.157,148.124,141.249,1563171,229016499,15:00:00
113686,沪市,泰瑞转债,158.369,3.226,2.079,158.130,158.345,155.143,155.770,161.612,152.500,1441770,227911489,15:00:01
110075,沪市,南航转债,109.475,-0.835,-0.757,109.403,109.404,110.310,110.153,110.403,108.900,2064020,225775200,15:00:00
127049,深市,希望转2,111.8,-1.2,-1.062,111.800,111.816,113.000,112.799,113.311,111.100,1991046,223143472,15:00:00
118063,沪市,金05转债,179.428,4.557,2.606,179.410,179.422,174.871,173.880,181.797,173.830,1199250,215849985,15:00:01
123091,深市,长海转债,138.139,-2.861,-2.029,138.106,138.139,141.000,141.100,143.500,138.047,1501878,210962713,15:00:00
127084,深市,柳工转2,137.099,1.293,0.952,137.040,137.099,135.806,135.968,137.500,135.082,1516835,207443558,15:00:00
118004,沪市,Z博瑞转,175.848,-3.078,-1.72,175.800,175.817,178.926,179.001,181.706,174.800,1165640,207252412,15:00:01
127079,深市,华亚转债,208.229,4.085,2.001,208.220,208.229,204.144,201.093,212.492,201.043,993573,207080843,15:00:00
127090,深市,兴瑞转债,143.0,2.936,2.096,142.902,143.000,140.064,140.080,143.362,137.301,1472777,206799110,15:00:00
118016,沪市,京源转债,173.783,-2.118,-1.204,173.701,173.904,175.901,176.500,182.901,173.298,1166440,206744171,15:00:00
113673,沪市,岱美转债,183.355,0.781,0.428,183.889,184.498,182.574,182.570,185.702,173.992,1130490,204462117,15:00:01
127067,深市,恒逸转2,174.777,-0.723,-0.412,174.429,174.777,175.500,177.332,178.000,172.385,1167714,203748997,15:00:00
127045,深市,牧原转债,125.4,-1.95,-1.531,125.400,125.450,127.350,127.500,127.500,125.020,1564115,197068335,15:00:00
127030,深市,盛虹转债,121.161,-2.839,-2.29,121.161,121.199,124.000,123.550,124.136,120.311,1603030,195511525,15:00:00
111013,沪市,新港转债,126.594,-3.823,-2.931,126.590,126.597,130.417,129.820,130.000,125.000,1499980,190183541,14:59:59
118031,沪市,天23转债,128.092,-0.597,-0.464,128.024,128.156,128.689,128.301,129.480,127.850,1479150,190038713,15:00:01
118061,沪市,茂莱转债,234.731,-1.563,-0.661,233.900,234.000,236.294,232.000,240.550,231.300,795020,188129557,15:00:00
113588,沪市,润达转债,113.793,-1.205,-1.048,113.750,113.760,114.998,115.585,117.930,112.633,1617560,186846472,15:00:01
113053,沪市,隆22转债,125.288,-3.356,-2.609,125.280,125.348,128.644,128.000,128.886,125.200,1465310,186056665,15:00:01
123263,深市,鼎捷转债,157.9,1.151,0.734,157.870,157.900,156.749,156.451,159.998,155.110,1111357,175849110,15:00:00
113597,沪市,佳力转债,131.932,-3.957,-2.912,131.904,131.920,135.889,135.389,137.000,130.670,1307710,174628240,15:00:01
123138,深市,丝路转债,137.7,2.76,2.045,137.700,137.770,134.940,135.643,140.185,134.823,1262230,174164315,15:00:00
127092,深市,运机转债,310.905,-11.805,-3.658,310.900,311.205,322.710,322.711,323.355,306.800,549030,172647590,15:00:00
123187,深市,超达转债,268.6,4.482,1.697,268.600,268.605,264.118,265.270,270.000,260.940,640590,170380116,15:00:00
127103,深市,东南转债,168.214,0.214,0.127,168.214,168.246,168.000,168.100,169.997,164.501,1008213,168201370,15:00:00
113661,沪市,福22转债,137.33,-1.373,-0.99,137.275,137.388,138.703,138.700,139.800,137.091,1206970,167024296,15:00:01
127113,深市,长高转债,160.655,3.465,2.204,160.655,160.783,157.190,157.190,163.071,155.690,1036354,166960630,15:00:00
111023,沪市,利柏转债,161.932,0.113,0.07,161.489,161.579,161.819,161.800,165.339,159.368,1017430,164989964,15:00:00
127082,深市,亚科转债,138.689,-1.744,-1.242,138.689,138.690,140.433,140.290,140.665,137.811,1180127,164208586,15:00:00
110073,沪市,国投转债,106.816,0.117,0.11,106.801,106.829,106.699,106.691,106.849,106.630,1537870,164148233,15:00:01
113062,沪市,常银转债,130.201,-0.432,-0.331,130.200,130.208,130.633,130.501,130.847,129.850,1251170,162968256,15:00:00
123207,深市,冠中转债,219.244,3.944,1.832,219.200,219.244,215.300,216.440,221.048,214.440,741430,161932028,15:00:00
123109,深市,昌红转债,135.404,3.178,2.403,135.400,135.404,132.226,132.424,141.462,132.226,1191343,161734172,15:00:00
118051,沪市,皓元转债,215.57,3.825,1.806,215.392,215.948,211.745,211.317,220.500,207.367,739770,159851878,15:00:01
118012,沪市,微芯转债,151.344,-4.244,-2.728,151.235,151.359,155.588,154.900,155.000,149.650,1040480,158348763,15:00:00
113699,沪市,金25转债,161.679,-2.065,-1.261,161.600,161.700,163.744,163.367,163.588,158.622,958020,154131456,15:00:01
123213,深市,天源转债,212.297,-6.704,-3.061,212.297,212.300,219.001,218.840,221.140,211.501,692200,150177343,15:00:00
123252,深市,银邦转债,150.6,0.588,0.392,150.363,150.600,150.012,149.886,154.710,147.794,988055,149524724,15:00:00
128121,深市,宏川转债,119.5,-3.904,-3.164,119.500,119.530,123.404,124.337,125.008,119.301,1212713,148542281,15:00:00
118059,沪市,颀中转债,163.307,3.11,1.941,163.400,163.477,160.197,160.085,166.589,159.086,904360,147738909,15:00:01
123124,深市,晶瑞转2,144.346,0.346,0.24,144.346,144.387,144.000,145.728,147.586,143.000,1013506,147305237,15:00:00
128119,深市,龙大转债,75.053,-7.501,-9.086,75.050,75.053,82.554,81.879,82.350,75.000,1848464,143881584,15:00:00
113691,沪市,和邦转债,165.526,2.465,1.512,165.391,165.578,163.061,162.905,166.200,160.500,853860,140292190,15:00:00
113682,沪市,益丰转债,129.128,-0.849,-0.653,129.049,129.262,129.977,129.600,130.105,127.849,1071840,138439318,15:00:01
113698,沪市,凯众转债,163.394,-3.056,-1.836,163.250,163.282,166.450,165.001,166.666,162.230,835360,136864333,15:00:01
123253,深市,永贵转债,146.55,-3.15,-2.104,146.549,146.550,149.700,149.550,151.400,145.735,907970,135566113,15:00:00
123257,深市,安克转债,161.12,2.02,1.27,161.120,161.150,159.100,158.730,161.990,156.183,823711,131507421,15:00:00
110085,沪市,通22转债,122.548,-0.429,-0.349,122.630,122.662,122.977,122.998,123.500,122.133,1047510,128570611,15:00:01
118024,沪市,冠宇转债,126.051,0.289,0.23,126.055,126.092,125.762,125.500,127.397,125.038,1000450,126534322,15:00:00
127109,深市,电化转债,175.4,-4.318,-2.403,175.400,175.450,179.718,179.377,181.081,173.601,704834,124931859,15:00:00
127061,深市,美锦转债,100.5,1.3,1.31,100.490,100.500,99.200,99.240,100.735,99.039,1247388,124788027,15:00:00
127041,深市,弘亚转债,124.95,-3.072,-2.4,124.950,124.993,128.022,127.777,128.933,124.499,976978,123766928,15:00:00
111018,沪市,华康转债,138.851,0.786,0.569,138.650,138.827,138.065,138.300,141.500,137.241,885280,123375283,15:00:01
118052,沪市,浩瀚转债,153.403,5.459,3.69,153.245,153.500,147.944,149.944,154.999,148.160,807720,123263015,15:00:00
110093,沪市,神马转债,120.391,-0.947,-0.78,120.377,120.449,121.338,121.590,121.795,119.723,1013650,122543701,15:00:01
123076,深市,强力转债,138.4,-0.218,-0.157,138.399,138.400,138.618,138.370,139.790,136.612,876246,121202672,15:00:00
123266,深市,博士转债,153.0,4.4,2.961,152.999,153.000,148.600,148.000,153.771,148.000,772252,117203525,15:00:00
118011,沪市,银微转债,146.611,-0.049,-0.033,146.483,146.659,146.660,146.650,149.048,144.001,798400,117154454,14:59:59
128108,深市,蓝帆转债,107.399,-0.141,-0.131,107.393,107.399,107.540,107.541,107.612,107.345,1082347,116254077,15:00:00
127047,深市,帝欧转债,169.99,2.14,1.275,169.888,169.990,167.850,167.750,173.618,164.592,671112,114112026,15:00:00
118042,沪市,奥维转债,146.443,-1.899,-1.28,146.475,146.480,148.342,147.000,151.000,145.791,761570,112947088,15:00:01
127108,深市,太能转债,138.109,-0.631,-0.455,138.109,138.110,138.740,138.948,139.407,137.500,815127,112814289,15:00:00
110099,沪市,福能转债,147.74,2.0,1.372,147.627,147.985,145.740,145.740,149.130,144.830,764780,112655951,15:00:00
123149,深市,通裕转债,138.147,-0.326,-0.235,137.887,138.147,138.473,138.008,139.137,136.976,804763,111025370,15:00:00
127026,深市,超声转债,136.295,-1.706,-1.236,136.294,136.295,138.001,137.611,139.910,135.100,799707,110082046,15:00:00
123216,深市,科顺转债,138.081,-1.074,-0.772,138.017,138.081,139.155,139.290,139.676,137.177,782624,108452597,15:00:00
127078,深市,优彩转债,159.555,3.313,2.12,159.458,159.555,156.242,154.947,161.145,154.601,672670,106973421,15:00:00
111004,沪市,明新转债,139.898,-1.83,-1.291,139.788,139.982,141.728,141.008,141.778,139.020,759480,106550117,15:00:00
123183,深市,海顺转债,143.945,1.06,0.742,143.585,143.945,142.885,142.810,144.232,142.081,737735,105759290,15:00:00
113058,沪市,友发转债,136.327,-0.359,-0.263,136.327,136.389,136.686,136.500,137.750,135.820,760110,103893889,15:00:01
127064,深市,杭氧转债,149.635,-0.366,-0.244,149.635,149.650,150.001,149.560,152.577,147.921,691559,103837106,15:00:00
113680,沪市,丽岛转债,150.152,-0.033,-0.022,150.112,150.207,150.185,149.200,152.392,149.128,685200,103579505,15:00:01
118039,沪市,煜邦转债,152.049,-4.731,-3.018,151.643,151.900,156.780,155.688,156.000,150.700,668340,102312577,15:00:00
111024,沪市,澳弘转债,173.957,2.62,1.529,174.000,174.050,171.337,172.286,176.631,168.999,580000,100613227,15:00:00
118065,沪市,艾为转债,153.004,2.286,1.517,153.000,153.100,150.718,150.773,153.429,149.704,637410,97070182,15:00:01
123211,深市,阳谷转债,181.308,-1.562,-0.854,181.308,181.309,182.870,183.500,185.000,178.800,531050,96726060,15:00:00
113696,沪市,伯25转债,138.353,0.202,0.146,138.213,138.415,138.151,137.500,139.990,137.451,693440,96312337,14:59:59
123092,深市,天壕转债,135.11,2.123,1.596,135.100,135.120,132.987,133.519,136.500,132.726,713581,96199356,15:00:00
118035,沪市,国力转债,145.089,1.178,0.819,144.826,145.321,143.911,143.500,147.140,142.608,659060,95798266,15:00:00
113659,沪市,莱克转债,135.504,-1.129,-0.826,135.241,135.524,136.633,136.633,137.050,134.818,697270,94590556,15:00:01
128129,深市,青农转债,107.613,0.013,0.012,107.612,107.613,107.600,107.582,107.663,107.553,878879,94574812,15:00:00
118066,沪市,统联转债,151.248,2.215,1.486,151.199,151.200,149.033,151.000,152.380,147.706,625360,94199402,15:00:01
127034,深市,绿茵转债,140.1,0.092,0.066,140.100,140.133,140.008,140.273,141.000,138.368,662635,92629937,15:00:00
113649,沪市,丰山转债,143.306,1.302,0.917,143.309,143.371,142.004,141.508,144.999,140.849,631620,90709760,14:59:59
110086,沪市,精工转债,127.8,-1.766,-1.363,127.708,127.797,129.566,129.250,130.195,127.698,704140,90662693,15:00:00
113640,沪市,苏利转债,135.651,-0.404,-0.297,135.595,135.700,136.055,136.130,136.702,135.137,662870,90258341,15:00:00
110087,沪市,天业转债,134.439,-1.337,-0.985,134.327,134.608,135.776,136.058,136.280,134.300,645460,87366172,15:00:00
123119,深市,康泰转2,126.669,-1.33,-1.039,126.669,126.765,127.999,127.850,128.468,126.402,677014,86139875,15:00:00
123198,深市,金埔转债,141.26,-0.226,-0.16,141.200,141.260,141.486,141.000,142.899,140.220,599662,84850627,15:00:00
111022,沪市,锡振转债,160.902,3.66,2.328,160.712,161.062,157.242,157.614,164.190,156.023,519110,83433956,15:00:01
113650,沪市,博22转债,130.797,0.385,0.295,130.712,130.805,130.412,130.264,131.847,129.787,631910,82790744,15:00:00
113655,沪市,欧22转债,129.287,-1.476,-1.129,129.257,129.458,130.763,130.300,130.400,128.647,634910,82289549,15:00:00
113646,沪市,永吉转债,159.787,-1.119,-0.695,159.879,159.899,160.906,161.547,164.848,159.000,507010,82285159,15:00:00
110090,沪市,爱迪转债,138.47,-2.013,-1.433,138.470,138.574,140.483,139.860,140.748,138.000,576520,80374238,15:00:01
127112,深市,尚太转债,150.3,-1.851,-1.217,150.289,150.300,152.151,151.015,154.110,149.616,526353,79919686,15:00:00
113632,沪市,鹤21转债,132.759,-1.127,-0.842,132.702,132.774,133.886,134.154,134.546,132.602,587710,78438402,15:00:01
123172,深市,漱玉转债,133.3,-0.38,-0.284,133.300,133.310,133.680,133.700,135.200,132.700,580590,77870579,15:00:00
111021,沪市,奥锐转债,136.364,-1.665,-1.206,136.400,136.517,138.029,137.964,138.871,136.100,561440,77158727,15:00:00
127038,深市,国微转债,131.803,-0.318,-0.241,131.803,131.900,132.121,131.856,133.916,131.590,570180,75731759,15:00:00
123114,深市,三角转债,136.58,-1.315,-0.954,136.580,136.600,137.895,137.901,138.778,136.010,537270,73801845,15:00:00
113049,沪市,长汽转债,112.049,-0.377,-0.335,111.990,112.049,112.426,112.450,112.662,111.519,644490,72211708,15:00:00
113652,沪市,伟22转债,130.875,-0.543,-0.413,130.941,130.995,131.418,130.928,132.187,130.468,545590,71552851,14:59:59
123188,深市,水羊转债,195.425,-2.575,-1.301,195.425,195.475,198.000,198.000,199.500,193.086,364930,71273029,15:00:00
127105,深市,龙星转债,136.294,-1.246,-0.906,136.294,136.297,137.540,137.540,137.560,135.759,515989,70436171,15:00:00
118036,沪市,力合转债,144.202,1.161,0.812,143.762,144.080,143.041,143.350,146.354,142.692,488000,70392533,15:00:00
127095,深市,广泰转债,146.6,-0.728,-0.494,146.600,146.722,147.328,146.795,148.824,146.307,474210,70001025,15:00:00
113695,沪市,华辰转债,150.001,0.075,0.05,149.911,149.980,149.926,149.926,151.731,149.176,464610,69893005,15:00:01
123222,深市,博俊转债,158.54,-3.38,-2.087,158.487,158.540,161.920,162.000,162.000,156.497,435907,69149753,15:00:00
123215,深市,铭利转债,143.08,-0.887,-0.616,143.071,143.139,143.967,143.660,144.882,142.234,475719,68305795,15:00:00
113616,沪市,韦尔转债,115.235,-1.42,-1.217,115.210,115.250,116.655,116.666,117.400,115.100,583260,67755508,14:59:59
123142,深市,申昊转债,134.042,1.671,1.262,133.910,134.054,132.371,133.500,134.950,131.150,503840,67382475,15:00:00
128142,深市,新乳转债,125.8,-1.804,-1.414,125.767,125.800,127.604,127.480,128.350,125.633,530293,67267147,15:00:00
127056,深市,中特转债,126.915,0.155,0.122,126.825,126.916,126.760,127.000,127.833,126.235,529089,67231662,15:00:00
128138,深市,侨银转债,131.9,0.17,0.129,131.900,131.919,131.730,131.664,132.763,131.660,504140,66639966,15:00:00
113037,沪市,紫银转债,109.625,0.004,0.004,109.626,109.637,109.621,109.613,109.650,109.598,605140,66338872,15:00:00
113066,沪市,平煤转债,144.767,1.617,1.13,144.573,144.907,143.150,143.386,145.518,142.444,444840,64339077,15:00:00
128134,深市,鸿路转债,113.071,-0.789,-0.693,113.011,113.071,113.860,113.800,114.143,112.800,560180,63411662,15:00:00
127040,深市,国泰转债,133.298,-0.791,-0.59,133.283,133.298,134.089,134.119,134.954,133.002,472545,63327010,15:00:00
113671,沪市,武进转债,143.551,-0.75,-0.52,143.404,143.798,144.301,144.301,146.980,142.400,434710,62537820,15:00:00
123104,深市,卫宁转债,128.806,-0.494,-0.382,128.700,128.806,129.300,129.287,130.470,128.363,478945,61986828,15:00:00
123265,深市,耐普转02,147.0,-1.707,-1.148,147.000,147.005,148.707,149.710,149.710,146.271,419015,61822952,15:00:00
113643,沪市,风语转债,136.735,0.463,0.34,136.601,136.755,136.272,136.020,138.058,136.020,448940,61635539,15:00:00
127027,深市,能化转债,119.499,1.342,1.136,119.481,119.499,118.157,118.220,119.960,117.503,511910,60887542,15:00:00
123178,深市,花园转债,136.23,0.078,0.057,136.200,136.230,136.152,137.944,137.944,135.753,432380,59036851,15:00:00
118022,沪市,锂科转债,124.997,-0.558,-0.444,124.904,125.038,125.555,125.008,126.020,124.600,468440,58691788,15:00:00
123224,深市,宇邦转债,144.428,-0.924,-0.636,144.428,144.434,145.352,145.352,146.165,143.513,402596,58297828,15:00:00
123064,深市,万孚转债,111.3,-1.0,-0.89,111.297,111.302,112.300,112.420,112.700,110.900,515842,57689938,15:00:00
118040,沪市,宏微转债,150.103,-1.51,-0.996,150.000,150.129,151.613,151.000,152.719,148.902,379660,57224975,15:00:01
113658,沪市,密卫转债,134.443,-1.357,-0.999,134.418,134.583,135.800,135.898,136.300,134.001,422090,57034790,15:00:00
127050,深市,麒麟转债,127.311,-0.039,-0.031,127.197,127.311,127.350,127.500,128.500,126.201,438310,55874982,15:00:00
123133,深市,佩蒂转债,132.896,-0.054,-0.041,132.833,132.944,132.950,132.950,133.573,131.881,406741,54084896,15:00:00
113067,沪市,燃23转债,131.794,0.647,0.493,131.795,131.822,131.147,130.700,132.768,130.601,407980,53843397,14:59:59
128128,深市,齐翔转2,119.299,-0.381,-0.318,119.299,119.300,119.680,119.960,120.693,118.535,444778,53232973,15:00:00
123209,深市,聚隆转债,201.0,-3.215,-1.574,200.601,201.000,204.215,203.210,205.440,199.115,262610,53190610,15:00:00
123195,深市,蓝晓转02,150.511,-3.487,-2.264,150.461,150.540,153.998,153.990,153.990,149.560,345580,52527209,15:00:00
127072,深市,博实转债,140.574,-1.282,-0.904,140.420,140.574,141.856,141.320,141.939,140.175,370630,52279324,15:00:00
111015,沪市,东亚转债,136.082,-0.356,-0.261,135.970,136.155,136.438,136.200,136.754,134.740,377810,51380307,15:00:01
110098,沪市,南药转债,136.663,-0.563,-0.41,136.664,136.791,137.226,137.224,137.499,136.220,373930,51175359,15:00:01
123180,深市,浙矿转债,135.747,-0.853,-0.624,135.747,135.820,136.600,136.030,137.283,135.260,374440,51024538,15:00:00
127046,深市,百润转债,130.11,-0.03,-0.023,129.792,130.110,130.140,129.940,132.063,129.544,388578,50808513,15:00:00
113666,沪市,爱玛转债,124.862,-0.468,-0.373,124.779,124.938,125.330,125.438,125.537,124.607,405410,50657596,15:00:01
111002,沪市,特纸转债,140.025,-1.261,-0.893,139.848,140.022,141.286,141.510,141.740,139.000,359960,50493306,15:00:01
123194,深市,百洋转债,134.193,0.261,0.195,134.193,134.195,133.932,133.900,134.888,133.183,375620,50393799,15:00:00
113656,沪市,嘉诚转债,128.521,-0.254,-0.197,128.550,128.584,128.775,128.770,129.413,128.213,389750,50192808,15:00:00
110100,沪市,龙建转债,133.993,-3.026,-2.208,133.990,133.999,137.019,137.010,137.250,133.610,371000,50110640,15:00:00
113665,沪市,汇通转债,134.51,-0.839,-0.62,134.283,134.663,135.349,134.540,135.250,133.636,369770,49674186,15:00:00
113693,沪市,志邦转债,128.087,-1.503,-1.16,128.112,128.184,129.590,129.200,130.198,128.000,380850,49064576,15:00:00
127054,深市,双箭转债,131.098,-0.544,-0.413,131.098,131.114,131.642,131.830,131.830,130.100,373541,48858533,15:00:00
111020,沪市,合顺转债,145.48,-0.404,-0.277,145.348,145.713,145.884,145.884,147.042,145.000,334340,48743524,15:00:00
127111,深市,金威转债,134.198,-0.171,-0.127,134.080,134.199,134.369,133.800,135.354,133.499,361344,48528275,15:00:00
123264,深市,双乐转债,138.53,1.272,0.927,138.530,138.543,137.258,137.350,139.909,136.472,336794,46572969,15:00:00
123122,深市,富瀚转债,129.52,-0.368,-0.283,129.520,129.550,129.888,130.800,130.800,129.316,357720,46492040,15:00:00
123237,深市,佳禾转债,145.0,0.053,0.037,144.900,145.000,144.947,144.628,145.998,143.325,313753,45489287,15:00:00
127031,深市,洋丰转债,128.742,-1.258,-0.968,128.733,128.742,130.000,130.100,130.780,128.302,347507,45020464,15:00:00
127083,深市,山路转债,122.63,-0.58,-0.471,122.629,122.630,123.210,123.201,123.851,122.307,365469,45013930,15:00:00
123061,深市,航新转债,130.95,-1.74,-1.311,130.918,130.950,132.690,132.440,132.890,130.200,338538,44498499,15:00:00
113070,沪市,渝水转债,128.812,-0.148,-0.115,128.800,128.912,128.960,128.702,129.480,128.410,344700,44418850,15:00:01
123113,深市,仙乐转债,117.5,-0.438,-0.371,117.479,117.500,117.938,118.115,119.133,117.250,371914,44000396,15:00:00
123150,深市,九强转债,137.657,-0.869,-0.627,137.655,137.657,138.526,138.836,138.921,137.261,318332,43974242,15:00:00
113692,沪市,保隆转债,134.078,-0.782,-0.58,134.044,134.163,134.860,134.500,135.850,134.017,325400,43876318,15:00:00
128127,深市,文科转债,114.34,0.332,0.291,114.300,114.340,114.008,113.802,114.660,113.661,380887,43497648,15:00:00
110097,沪市,天润转债,143.458,-0.343,-0.239,143.046,143.288,143.801,143.850,144.064,142.540,302530,43333421,15:00:01
113624,沪市,正川转债,134.125,-0.354,-0.263,134.125,134.316,134.479,134.508,135.390,133.661,321880,43274100,15:00:01
113674,沪市,华设转债,135.201,0.059,0.044,135.114,135.607,135.142,135.142,136.461,134.663,316730,42968031,15:00:01
127102,深市,浙建转债,128.064,-0.436,-0.339,128.017,128.064,128.500,128.620,129.173,127.627,333333,42812004,15:00:00
113631,沪市,皖天转债,139.951,-0.098,-0.07,139.883,140.036,140.049,139.830,141.019,139.401,301050,42254192,14:59:59
123173,深市,恒锋转债,136.988,0.988,0.726,136.868,136.988,136.000,135.789,137.644,134.800,307162,41863878,15:00:00
123071,深市,天能转债,117.91,-0.046,-0.039,117.910,117.923,117.956,117.400,118.760,117.400,352939,41674380,15:00:00
113694,沪市,清源转债,136.927,-1.225,-0.887,136.849,137.037,138.152,138.290,138.953,136.676,299730,41302858,15:00:00
123165,深市,回天转债,132.91,-1.297,-0.966,132.831,132.910,134.207,134.070,134.756,132.510,306964,40997866,15:00:00
110077,沪市,洪城转债,218.543,-0.42,-0.192,219.000,219.063,218.963,219.999,221.601,218.091,185730,40829962,15:00:00
127085,深市,韵达转债,124.1,-0.248,-0.199,124.100,124.198,124.348,124.385,125.183,123.705,322442,40134488,15:00:00
113648,沪市,巨星转债,125.375,-1.167,-0.922,125.339,125.488,126.542,126.542,126.542,125.200,318520,40083210,15:00:00
110076,沪市,华海转债,124.494,-0.806,-0.643,124.268,124.494,125.300,125.448,126.026,124.150,320110,40076098,15:00:00
123171,深市,共同转债,138.7,-0.025,-0.018,138.696,138.700,138.725,138.461,140.319,137.679,282340,39297180,15:00:00
127099,深市,盛航转债,135.975,0.483,0.356,135.974,135.975,135.492,135.684,136.722,134.840,284690,38656353,15:00:00
111009,沪市,盛泰转债,129.879,-0.348,-0.267,129.682,129.898,130.227,130.000,130.988,129.434,296240,38567097,15:00:01
111017,沪市,蓝天转债,129.51,-0.394,-0.303,129.425,129.547,129.904,129.899,130.094,129.108,296860,38475167,15:00:01
123117,深市,健帆转债,120.1,-1.029,-0.85,120.058,120.100,121.129,121.363,121.363,119.520,315973,38092424,15:00:00
123157,深市,科蓝转债,128.122,-1.753,-1.35,128.106,128.122,129.875,130.000,130.554,127.250,289897,37252874,15:00:00
123193,深市,海能转债,130.607,0.244,0.187,130.606,130.607,130.363,130.916,131.483,129.572,282903,36965121,15:00:00
128125,深市,华阳转债,114.928,-0.062,-0.054,114.928,114.929,114.990,114.861,115.356,114.461,303650,34893608,15:00:00
118037,沪市,上声转债,138.426,1.2,0.874,137.952,138.608,137.226,138.000,138.798,136.517,251660,34749881,15:00:00
113059,沪市,福莱转债,123.895,-0.139,-0.112,123.849,123.998,124.034,124.000,124.798,123.518,276990,34373076,15:00:01
123059,深市,银信转债,130.89,1.436,1.109,130.890,130.892,129.454,130.259,131.579,129.000,260920,34125451,15:00:00
113681,沪市,镇洋转债,140.439,-0.554,-0.393,140.361,140.445,140.993,141.050,142.156,140.144,240010,33872166,15:00:01
118007,沪市,山石转债,144.74,2.112,1.481,144.730,144.868,142.628,141.710,144.980,140.606,235470,33789952,15:00:01
127069,深市,小熊转债,133.68,-0.629,-0.468,133.680,133.721,134.309,134.399,134.619,133.003,250950,33608213,15:00:00
127025,深市,冀东转债,105.04,0.05,0.048,105.022,105.040,104.990,104.987,105.088,104.909,313126,32875907,15:00:00
113584,沪市,家悦转债,109.828,-0.002,-0.002,109.816,109.828,109.830,109.802,109.830,109.785,294290,32313421,15:00:01
113679,沪市,芯能转债,133.525,-0.589,-0.439,133.530,133.537,134.114,134.021,134.673,132.862,235340,31450529,15:00:01
123260,深市,卓镁转债,155.75,-0.564,-0.361,155.518,155.750,156.314,156.160,157.200,154.300,193141,30158328,15:00:00
123080,深市,海波转债,140.1,1.999,1.447,140.001,140.100,138.101,138.102,140.687,137.503,210100,29282656,15:00:00
123189,深市,晓鸣转债,133.011,-0.738,-0.552,133.011,133.170,133.749,133.594,133.889,132.410,216957,28912107,15:00:00
127098,深市,欧晶转债,126.921,-0.31,-0.244,126.680,126.851,127.231,127.288,128.085,126.546,225734,28755058,15:00:00
123088,深市,威唐转债,132.788,-0.133,-0.1,132.750,132.788,132.921,133.000,133.759,132.000,213940,28468654,15:00:00
123199,深市,山河转债,139.1,-0.699,-0.5,139.100,139.198,139.799,139.800,140.495,138.488,203290,28342156,15:00:00
111014,沪市,李子转债,125.291,-0.649,-0.515,125.230,125.400,125.940,125.810,126.167,125.001,223200,27991128,15:00:00
127059,深市,永东转2,131.698,-0.287,-0.217,131.600,131.760,131.985,131.985,132.250,130.809,212160,27917336,15:00:00
113647,沪市,禾丰转债,122.21,-0.291,-0.238,122.165,122.287,122.501,122.300,123.012,121.882,227450,27843686,15:00:01
123112,深市,万讯转债,136.277,-0.193,-0.141,136.100,136.277,136.470,137.016,137.016,135.676,198521,27048073,15:00:00
113625,沪市,江山转债,125.908,-0.834,-0.658,125.909,125.951,126.742,129.000,129.000,125.526,214110,26990008,15:00:00
123196,深市,正元转02,129.884,-0.011,-0.008,129.883,129.884,129.895,129.885,130.358,129.180,204943,26598679,15:00:00
127068,深市,顺博转债,125.968,-0.463,-0.366,126.111,126.180,126.431,126.570,127.400,125.560,210414,26583726,15:00:00
113636,沪市,甬金转债,129.134,-0.122,-0.094,128.964,129.148,129.256,129.398,129.980,128.433,198810,25715025,15:00:01
123065,深市,宝莱转债,123.217,0.968,0.792,123.028,123.217,122.249,122.470,123.761,121.802,206530,25388476,15:00:00
123154,深市,火星转债,126.389,-0.013,-0.01,126.265,126.481,126.402,126.031,126.590,125.840,199450,25193276,15:00:00
123262,深市,神宇转债,144.6,0.6,0.417,144.365,144.600,144.000,144.300,145.553,143.397,173545,25137139,15:00:00
118015,沪市,芯海转债,132.58,-0.751,-0.563,132.552,132.700,133.331,133.500,134.340,132.433,188180,25089934,15:00:01
113670,沪市,金23转债,125.219,-0.145,-0.116,125.188,125.363,125.364,125.020,125.946,124.923,199900,25077238,15:00:00
118005,沪市,天奈转债,127.587,-0.133,-0.104,127.619,127.758,127.720,127.720,128.900,127.322,193310,24742300,15:00:01
111003,沪市,聚合转债,143.482,0.33,0.231,143.409,143.565,143.152,142.600,144.393,142.121,170800,24509407,15:00:01
113627,沪市,太平转债,119.329,-0.712,-0.593,119.193,119.333,120.041,120.041,120.198,118.900,200220,23927557,15:00:00
123175,深市,百畅转债,119.831,0.287,0.24,119.831,119.833,119.544,119.720,120.000,118.790,198868,23785941,15:00:00
113633,沪市,科沃转债,123.444,0.295,0.24,123.421,123.474,123.149,123.139,123.766,122.864,188750,23278226,15:00:01
118020,沪市,芳源转债,124.419,-0.428,-0.343,124.330,124.347,124.847,124.597,125.854,124.011,185110,23107552,15:00:00
123144,深市,裕兴转债,126.9,0.0,0.0,126.800,126.900,126.900,127.177,127.208,125.931,176422,22355767,15:00:00
127104,深市,姚记转债,147.746,0.38,0.258,147.746,147.789,147.366,147.200,148.300,146.700,150270,22195241,15:00:00
123261,深市,普联转债,155.55,0.55,0.355,155.312,155.550,155.000,155.000,156.799,154.180,139995,21748942,15:00:00
123179,深市,立高转债,123.135,0.435,0.355,122.946,123.045,122.700,122.686,123.543,122.150,176080,21668026,15:00:00
123168,深市,惠云转债,132.034,-0.105,-0.079,131.941,132.034,132.139,132.500,132.990,131.492,162740,21509205,15:00:00
113638,沪市,台21转债,126.201,-0.951,-0.748,126.191,126.339,127.152,127.292,127.292,125.923,167360,21172072,15:00:00
123192,深市,科思转债,133.338,-0.517,-0.386,133.245,133.338,133.855,133.873,134.262,133.000,154070,20577730,15:00:00
118032,沪市,建龙转债,126.733,-0.492,-0.387,126.700,126.771,127.225,127.145,127.720,126.519,152060,19321310,15:00:01
127060,深市,湘佳转债,123.09,-0.362,-0.293,123.029,123.100,123.452,123.400,123.588,122.500,157000,19316337,15:00:00
128135,深市,洽洽转债,114.43,-0.039,-0.034,114.426,114.430,114.469,114.468,114.485,114.401,167550,19175024,15:00:00
123151,深市,康医转债,122.48,-0.112,-0.091,122.300,122.480,122.592,122.577,122.657,122.000,153210,18729993,15:00:00
113700,沪市,海天转债,136.017,-0.06,-0.044,136.000,136.087,136.077,136.000,136.599,135.557,133820,18191685,15:00:01
113634,沪市,珀莱转债,125.929,-0.327,-0.259,125.905,126.016,126.256,126.290,126.595,125.719,141640,17869459,15:00:01
127062,深市,垒知转债,129.039,-0.627,-0.484,128.950,129.039,129.666,129.666,129.887,128.440,136230,17607188,15:00:00
123220,深市,易瑞转债,135.176,0.26,0.193,135.113,135.177,134.916,135.130,135.850,134.401,128640,17375018,15:00:00
123090,深市,三诺转债,114.329,-0.225,-0.196,114.329,114.330,114.554,114.554,114.876,114.028,144139,16489700,15:00:00
123214,深市,东宝转债,133.291,-0.508,-0.38,133.201,133.291,133.799,133.531,134.331,132.711,117404,15645076,15:00:00
113660,沪市,寿22转债,126.084,-0.055,-0.044,125.904,126.075,126.139,125.701,127.000,125.382,123120,15561789,15:00:01
128124,深市,科华转债,105.728,-0.037,-0.035,105.728,105.761,105.765,105.800,105.855,105.728,145227,15363930,15:00:00
118010,沪市,洁特转债,123.421,0.698,0.569,123.421,123.539,122.723,122.700,123.674,122.280,121180,14920423,14:59:59
118067,沪市,上26转债,146.062,0.359,0.246,146.010,146.094,145.703,145.596,147.007,145.502,99270,14528793,15:00:00
123250,深市,嘉益转债,128.15,-0.338,-0.263,128.150,128.232,128.488,128.487,130.900,127.927,101668,13074473,15:00:00
113610,沪市,灵康转债,121.771,1.145,0.949,121.626,121.771,120.626,120.900,122.083,120.203,107360,13014862,15:00:01
127017,深市,万青转债,112.879,0.008,0.007,112.879,112.880,112.871,112.834,112.903,112.800,109319,12338203,15:00:00
113701,沪市,祥和转债,142.784,-0.155,-0.108,142.678,142.779,142.939,142.800,143.330,142.000,85320,12166126,15:00:00
127093,深市,章鼓转债,136.33,-0.099,-0.073,135.990,136.330,136.429,136.228,137.000,135.504,76180,10356016,15:00:00
123229,深市,艾录转债,135.141,-0.149,-0.11,135.141,135.197,135.290,135.250,135.996,134.600,67763,9171044,15:00:00
123223,深市,九典转02,136.58,-0.162,-0.118,136.545,136.580,136.742,136.736,137.038,136.153,51466,7031837,15:00:00
123072,深市,乐歌转债,124.515,-0.483,-0.386,124.401,124.515,124.998,125.057,125.057,124.250,48590,6056624,15:00:00
128044,深市,岭南转债,0.0,0.0,0.0,0.000,0.000,71.372,0.000,0.000,0.000,0,0,15:00:00
128100,深市,搜特转债,0.0,0.0,0.0,0.000,0.000,18.002,0.000,0.000,0.000,0,0,15:00:03
128085,深市,鸿达转债,0.0,0.0,0.0,0.000,0.000,42.120,0.000,0.000,0.000,0,0,15:00:00
128114,深市,正邦转债,0.0,0.0,0.0,0.000,0.000,84.813,0.000,0.000,0.000,0,0,15:00:00
113575,沪市,东时转债,81.438,0.0,0.0,0.000,0.000,81.438,0.000,0.000,0.000,0,0,16:19:31
127033,深市,中装转2,0.0,0.0,0.0,0.000,0.000,89.726,0.000,0.000,0.000,0,0,15:00:00
110815,沪市,九丰定01,0.0,0.0,0.0,0.000,0.000,100.000,0.000,0.000,0.000,0,0,09:00:00
110809,沪市,天业定01,0.0,0.0,0.0,0.000,0.000,0.000,0.000,0.000,0.000,0,0,09:00:00
110811,沪市,神马定01,0.0,0.0,0.0,0.000,0.000,0.000,0.000,0.000,0.000,0,0,09:00:00
110805,沪市,中闽定01,0.0,0.0,0.0,0.000,0.000,0.000,0.000,0.000,0.000,0,0,09:00:00
110807,沪市,动力定01,0.0,0.0,0.0,0.000,0.000,0.000,0.000,0.000,0.000,0,0,09:00:00
110072,沪市,广汇转债,44.267,0.0,0.0,0.000,0.000,44.267,0.000,0.000,0.000,0,0,09:00:00
128141,深市,旺能转债,0.0,0.0,0.0,0.000,0.000,156.688,0.000,0.000,0.000,0,0,15:00:00
